{
    "num_attn_heads": 4,
    "hidden_dim": 48,
    "embedding_dim": 256,
    "num_gnn_layers": 3,
    "dropout": 0.032765333953528396,
    "lr": 9.665824346117851e-05,
    "weight_decay": 4.1079124142320004e-05,
    "batch_size": 8
}